users,timeSpent
Sushmita,31.26605567
Adam,17.90052851
Benny,265.2360861
Anurag,42.47069602
